<ImportExportXml version="8.2.0001.0344" SolutionPackageVersion="8.2" languagecode="1033" generatedBy="CrmLive" xmlns:xsi="http://www.w3.org/2001/XMLSchema-instance">
  <SolutionManifest>
    <UniqueName>NewsmanSync</UniqueName>
    <LocalizedNames>
      <LocalizedName description="NewsmanSync" languagecode="1033" />
      <LocalizedName description="NewsmanSync" languagecode="1048" />
    </LocalizedNames>
    <Descriptions>
      <Description description="Upgrade of NewsmanSync" languagecode="1033" />
      <Description description="Conector catre Newsman pentru liste de marketing Dynamics" languagecode="1048" />
    </Descriptions>
    <Version>1.1.0.0</Version>
    <Managed>1</Managed>
    <ConfigurationPage>nmc_/app/ListSelection/ListSelection.html</ConfigurationPage>
    <Publisher>
      <UniqueName>newsmanconnector</UniqueName>
      <LocalizedNames>
        <LocalizedName description="NewsmanConnector" languagecode="1033" />
        <LocalizedName description="NewsmanConnector" languagecode="1048" />
      </LocalizedNames>
      <Descriptions />
      <EMailAddress xsi:nil="true"></EMailAddress>
      <SupportingWebsiteUrl xsi:nil="true"></SupportingWebsiteUrl>
      <CustomizationPrefix>nmc</CustomizationPrefix>
      <CustomizationOptionValuePrefix>17584</CustomizationOptionValuePrefix>
      <Addresses>
        <Address>
          <AddressNumber>1</AddressNumber>
          <AddressTypeCode>1</AddressTypeCode>
          <City xsi:nil="true"></City>
          <County xsi:nil="true"></County>
          <Country xsi:nil="true"></Country>
          <Fax xsi:nil="true"></Fax>
          <FreightTermsCode xsi:nil="true"></FreightTermsCode>
          <ImportSequenceNumber xsi:nil="true"></ImportSequenceNumber>
          <Latitude xsi:nil="true"></Latitude>
          <Line1 xsi:nil="true"></Line1>
          <Line2 xsi:nil="true"></Line2>
          <Line3 xsi:nil="true"></Line3>
          <Longitude xsi:nil="true"></Longitude>
          <Name xsi:nil="true"></Name>
          <PostalCode xsi:nil="true"></PostalCode>
          <PostOfficeBox xsi:nil="true"></PostOfficeBox>
          <PrimaryContactName xsi:nil="true"></PrimaryContactName>
          <ShippingMethodCode>1</ShippingMethodCode>
          <StateOrProvince xsi:nil="true"></StateOrProvince>
          <Telephone1 xsi:nil="true"></Telephone1>
          <Telephone2 xsi:nil="true"></Telephone2>
          <Telephone3 xsi:nil="true"></Telephone3>
          <TimeZoneRuleVersionNumber xsi:nil="true"></TimeZoneRuleVersionNumber>
          <UPSZone xsi:nil="true"></UPSZone>
          <UTCOffset xsi:nil="true"></UTCOffset>
          <UTCConversionTimeZoneCode xsi:nil="true"></UTCConversionTimeZoneCode>
        </Address>
        <Address>
          <AddressNumber>2</AddressNumber>
          <AddressTypeCode>1</AddressTypeCode>
          <City xsi:nil="true"></City>
          <County xsi:nil="true"></County>
          <Country xsi:nil="true"></Country>
          <Fax xsi:nil="true"></Fax>
          <FreightTermsCode xsi:nil="true"></FreightTermsCode>
          <ImportSequenceNumber xsi:nil="true"></ImportSequenceNumber>
          <Latitude xsi:nil="true"></Latitude>
          <Line1 xsi:nil="true"></Line1>
          <Line2 xsi:nil="true"></Line2>
          <Line3 xsi:nil="true"></Line3>
          <Longitude xsi:nil="true"></Longitude>
          <Name xsi:nil="true"></Name>
          <PostalCode xsi:nil="true"></PostalCode>
          <PostOfficeBox xsi:nil="true"></PostOfficeBox>
          <PrimaryContactName xsi:nil="true"></PrimaryContactName>
          <ShippingMethodCode>1</ShippingMethodCode>
          <StateOrProvince xsi:nil="true"></StateOrProvince>
          <Telephone1 xsi:nil="true"></Telephone1>
          <Telephone2 xsi:nil="true"></Telephone2>
          <Telephone3 xsi:nil="true"></Telephone3>
          <TimeZoneRuleVersionNumber xsi:nil="true"></TimeZoneRuleVersionNumber>
          <UPSZone xsi:nil="true"></UPSZone>
          <UTCOffset xsi:nil="true"></UTCOffset>
          <UTCConversionTimeZoneCode xsi:nil="true"></UTCConversionTimeZoneCode>
        </Address>
      </Addresses>
    </Publisher>
    <RootComponents>
      <RootComponent type="1" schemaName="contact" behavior="2" />
      <RootComponent type="1" schemaName="list" behavior="1" />
      <RootComponent type="1" schemaName="nmc_newsmanconfig" behavior="0" />
      <RootComponent type="1" schemaName="nmc_newsmanhistory" behavior="0" />
      <RootComponent type="1" schemaName="nmc_newsmanlog" behavior="0" />
      <RootComponent type="1" schemaName="nmc_newsmannewsletter" behavior="0" />
      <RootComponent type="29" id="{7305f065-1f19-43ca-971e-c927160abb9d}" behavior="0" />
      <RootComponent type="60" id="{066cf505-2b85-491b-b3cd-0411594f4bcc}" behavior="0" />
      <RootComponent type="60" id="{09105b9d-1aa3-4c2a-bfe1-7e81c3303c19}" behavior="0" />
      <RootComponent type="60" id="{23b4db6c-c028-49cd-849d-6878a83938e8}" behavior="0" />
      <RootComponent type="60" id="{2aa2ba06-c363-4f67-ac28-13e04c11e44d}" behavior="0" />
      <RootComponent type="60" id="{2fe97fbd-443b-4356-baee-c7a66c57aa6e}" behavior="0" />
      <RootComponent type="60" id="{34b1d803-bab0-4a38-bfdf-308ca5011a26}" behavior="0" />
      <RootComponent type="60" id="{6f5bc695-30bb-4bbb-be9e-fc38c9380a44}" behavior="0" />
      <RootComponent type="60" id="{7740f068-c130-45dd-9770-24e4d3a800fa}" behavior="0" />
      <RootComponent type="60" id="{7d6c797d-f105-46f6-95cf-d828449c4f22}" behavior="0" />
      <RootComponent type="60" id="{8557dcd9-9ac6-42f5-83ae-991f4cab52f3}" behavior="0" />
      <RootComponent type="60" id="{894cc46a-b0cb-4ab0-8bf6-200544e46a2d}" behavior="0" />
      <RootComponent type="60" id="{9d857ee6-fe9c-411f-ac9c-c109c19220a2}" behavior="0" />
      <RootComponent type="60" id="{aae041f9-26f8-4455-bf40-634d8e516d77}" behavior="0" />
      <RootComponent type="60" id="{b1db7b72-b4c5-4822-9a81-3dbbd9907722}" behavior="0" />
      <RootComponent type="60" id="{cc78c062-4274-4652-937d-de9620f5402a}" behavior="0" />
      <RootComponent type="60" id="{dde8948e-70ca-42c5-928e-7d49fc486218}" behavior="0" />
      <RootComponent type="60" id="{ed1d2f79-3173-491e-ab62-a9f7aef557e9}" behavior="0" />
      <RootComponent type="60" id="{f533e869-134c-418d-a677-44a08936ccfd}" behavior="0" />
      <RootComponent type="60" id="{f7f74dfa-8a51-4953-88b7-4d47b7b8abe2}" behavior="0" />
      <RootComponent type="61" schemaName="nmc_/app/ListSelection/ListSelection.html" behavior="0" />
      <RootComponent type="61" schemaName="nmc_/app/ListSelection/ListSelection.js" behavior="0" />
      <RootComponent type="61" schemaName="nmc_/app/MktList.js" behavior="0" />
      <RootComponent type="61" schemaName="nmc_/css/styles.css" behavior="0" />
      <RootComponent type="61" schemaName="nmc_/icons/bounce.png" behavior="0" />
      <RootComponent type="61" schemaName="nmc_/icons/History16.png" behavior="0" />
      <RootComponent type="61" schemaName="nmc_/icons/History32.png" behavior="0" />
      <RootComponent type="61" schemaName="nmc_/icons/Log16.png" behavior="0" />
      <RootComponent type="61" schemaName="nmc_/icons/Log32.png" behavior="0" />
      <RootComponent type="61" schemaName="nmc_/icons/Newsletter16.png" behavior="0" />
      <RootComponent type="61" schemaName="nmc_/icons/Newsletter32.png" behavior="0" />
      <RootComponent type="61" schemaName="nmc_/icons/send.png" behavior="0" />
      <RootComponent type="61" schemaName="nmc_/icons/Settings16.png" behavior="0" />
      <RootComponent type="61" schemaName="nmc_/icons/Settings32.png" behavior="0" />
      <RootComponent type="61" schemaName="nmc_/icons/subscribe.png" behavior="0" />
      <RootComponent type="61" schemaName="nmc_/icons/Sync16.png" behavior="0" />
      <RootComponent type="61" schemaName="nmc_/icons/Sync32.png" behavior="0" />
      <RootComponent type="61" schemaName="nmc_/resources/jquery321slimmin.js" behavior="0" />
      <RootComponent type="61" schemaName="nmc_/resources/knockout342min.js" behavior="0" />
      <RootComponent type="61" schemaName="nmc_/resources/SanJSKit.js" behavior="0" />
      <RootComponent type="61" schemaName="nmc_NewsletterMain" behavior="0" />
      <RootComponent type="91" schemaName="NewsmanLib, Version=1.0.0.0, Culture=neutral, PublicKeyToken=db9f9e69f3d93e93" behavior="0" />
      <RootComponent type="92" id="{1ab0c107-948e-e711-80ef-1458d04316b0}" behavior="0" />
      <RootComponent type="92" id="{9b032352-df90-e711-80f1-3863bb346b18}" behavior="0" />
      <RootComponent type="92" id="{a1dd7e45-948e-e711-80ef-1458d04316b0}" behavior="0" />
      <RootComponent type="92" id="{b46279ed-938e-e711-80ef-1458d04316b0}" behavior="0" />
      <RootComponent type="92" id="{bebafd37-948e-e711-80ef-1458d04316b0}" behavior="0" />
      <RootComponent type="92" id="{c69ce8f6-938e-e711-80ef-1458d04316b0}" behavior="0" />
      <RootComponent type="92" id="{d41f892c-948e-e711-80ef-1458d04316b0}" behavior="0" />
    </RootComponents>
    <MissingDependencies>
      <MissingDependency>
        <Required key="2" type="61" schemaName="msdyn_/ActivityFeeds.Form.js" displayName="msdyn_/ActivityFeeds.Form.js" solution="ActivityFeedsCore (8.2.0.0)" />
        <Dependent key="1" type="60" displayName="Information" parentDisplayName="Contact" id="{894cc46a-b0cb-4ab0-8bf6-200544e46a2d}" />
      </MissingDependency>
      <MissingDependency>
        <Required key="3" type="61" schemaName="msdyn_/RecordWall.htm" displayName="msdyn_/RecordWall.htm" solution="ActivityFeedsCore (8.2.0.0)" />
        <Dependent key="1" type="60" displayName="Information" parentDisplayName="Contact" id="{894cc46a-b0cb-4ab0-8bf6-200544e46a2d}" />
      </MissingDependency>
    </MissingDependencies>
  </SolutionManifest>
</ImportExportXml>