<ImportExportXml version="8.2.0001.0344" SolutionPackageVersion="8.2" languagecode="1033" generatedBy="CrmLive" xmlns:xsi="http://www.w3.org/2001/XMLSchema-instance">
  <SolutionManifest>
    <UniqueName>NewsmanSync_Patch_5b190fbe</UniqueName>
    <LocalizedNames>
      <LocalizedName description="NewsmanSync_Patch1" languagecode="1033" />
    </LocalizedNames>
    <Descriptions>
      <Description description="Patch for NewsmanSync:&#xA;- new attribute LinkURL for Newsman History entity&#xA;- fix for segment creation in Newsman" languagecode="1033" />
    </Descriptions>
    <ParentUniqueName>NewsmanSync</ParentUniqueName>
    <Version>1.0.1.0</Version>
    <Managed>1</Managed>
    <Publisher>
      <UniqueName>newsmanconnector</UniqueName>
      <LocalizedNames>
        <LocalizedName description="NewsmanConnector" languagecode="1033" />
        <LocalizedName description="NewsmanConnector" languagecode="1048" />
      </LocalizedNames>
      <Descriptions />
      <EMailAddress xsi:nil="true"></EMailAddress>
      <SupportingWebsiteUrl xsi:nil="true"></SupportingWebsiteUrl>
      <CustomizationPrefix>nmc</CustomizationPrefix>
      <CustomizationOptionValuePrefix>17584</CustomizationOptionValuePrefix>
      <Addresses>
        <Address>
          <AddressNumber>1</AddressNumber>
          <AddressTypeCode>1</AddressTypeCode>
          <City xsi:nil="true"></City>
          <County xsi:nil="true"></County>
          <Country xsi:nil="true"></Country>
          <Fax xsi:nil="true"></Fax>
          <FreightTermsCode xsi:nil="true"></FreightTermsCode>
          <ImportSequenceNumber xsi:nil="true"></ImportSequenceNumber>
          <Latitude xsi:nil="true"></Latitude>
          <Line1 xsi:nil="true"></Line1>
          <Line2 xsi:nil="true"></Line2>
          <Line3 xsi:nil="true"></Line3>
          <Longitude xsi:nil="true"></Longitude>
          <Name xsi:nil="true"></Name>
          <PostalCode xsi:nil="true"></PostalCode>
          <PostOfficeBox xsi:nil="true"></PostOfficeBox>
          <PrimaryContactName xsi:nil="true"></PrimaryContactName>
          <ShippingMethodCode>1</ShippingMethodCode>
          <StateOrProvince xsi:nil="true"></StateOrProvince>
          <Telephone1 xsi:nil="true"></Telephone1>
          <Telephone2 xsi:nil="true"></Telephone2>
          <Telephone3 xsi:nil="true"></Telephone3>
          <TimeZoneRuleVersionNumber xsi:nil="true"></TimeZoneRuleVersionNumber>
          <UPSZone xsi:nil="true"></UPSZone>
          <UTCOffset xsi:nil="true"></UTCOffset>
          <UTCConversionTimeZoneCode xsi:nil="true"></UTCConversionTimeZoneCode>
        </Address>
        <Address>
          <AddressNumber>2</AddressNumber>
          <AddressTypeCode>1</AddressTypeCode>
          <City xsi:nil="true"></City>
          <County xsi:nil="true"></County>
          <Country xsi:nil="true"></Country>
          <Fax xsi:nil="true"></Fax>
          <FreightTermsCode xsi:nil="true"></FreightTermsCode>
          <ImportSequenceNumber xsi:nil="true"></ImportSequenceNumber>
          <Latitude xsi:nil="true"></Latitude>
          <Line1 xsi:nil="true"></Line1>
          <Line2 xsi:nil="true"></Line2>
          <Line3 xsi:nil="true"></Line3>
          <Longitude xsi:nil="true"></Longitude>
          <Name xsi:nil="true"></Name>
          <PostalCode xsi:nil="true"></PostalCode>
          <PostOfficeBox xsi:nil="true"></PostOfficeBox>
          <PrimaryContactName xsi:nil="true"></PrimaryContactName>
          <ShippingMethodCode>1</ShippingMethodCode>
          <StateOrProvince xsi:nil="true"></StateOrProvince>
          <Telephone1 xsi:nil="true"></Telephone1>
          <Telephone2 xsi:nil="true"></Telephone2>
          <Telephone3 xsi:nil="true"></Telephone3>
          <TimeZoneRuleVersionNumber xsi:nil="true"></TimeZoneRuleVersionNumber>
          <UPSZone xsi:nil="true"></UPSZone>
          <UTCOffset xsi:nil="true"></UTCOffset>
          <UTCConversionTimeZoneCode xsi:nil="true"></UTCConversionTimeZoneCode>
        </Address>
      </Addresses>
    </Publisher>
    <RootComponents>
      <RootComponent type="1" schemaName="nmc_newsmanhistory" behavior="0" />
      <RootComponent type="91" schemaName="NewsmanLib, Version=1.0.0.0, Culture=neutral, PublicKeyToken=db9f9e69f3d93e93" behavior="0" />
      <RootComponent type="92" id="{d41f892c-948e-e711-80ef-1458d04316b0}" behavior="0" />
    </RootComponents>
    <MissingDependencies>
      <MissingDependency>
        <Required key="0" type="1" schemaName="nmc_newsmannewsletter" displayName="Newsman Newsletter" solution="Active" />
        <Dependent key="1" type="10" schemaName="nmc_newsmannewsletter_nmc_newsmanhistory_newsletterid" displayName="nmc_newsmannewsletter_nmc_newsmanhistory_newsletterid" parentSchemaName="nmc_newsmanhistory" parentDisplayName="Newsman History" />
      </MissingDependency>
      <MissingDependency>
        <Required key="2" type="2" schemaName="nmc_newsmannewsletterid" displayName="Newsman Newsletter" parentSchemaName="nmc_newsmannewsletter" parentDisplayName="Newsman Newsletter" solution="Active" />
        <Dependent key="1" type="10" schemaName="nmc_newsmannewsletter_nmc_newsmanhistory_newsletterid" displayName="nmc_newsmannewsletter_nmc_newsmanhistory_newsletterid" parentSchemaName="nmc_newsmanhistory" parentDisplayName="Newsman History" />
      </MissingDependency>
      <MissingDependency>
        <Required key="3" type="2" schemaName="nmc_subject" displayName="Subject" parentSchemaName="nmc_newsmannewsletter" parentDisplayName="Newsman Newsletter" solution="Active" />
        <Dependent key="1" type="10" schemaName="nmc_newsmannewsletter_nmc_newsmanhistory_newsletterid" displayName="nmc_newsmannewsletter_nmc_newsmanhistory_newsletterid" parentSchemaName="nmc_newsmanhistory" parentDisplayName="Newsman History" />
      </MissingDependency>
      <MissingDependency>
        <Required key="4" type="26" schemaName="Newsman Newsletter Lookup View" displayName="Newsman Newsletter Lookup View" parentSchemaName="nmc_newsmannewsletter" parentDisplayName="Newsman Newsletter" solution="Active" id="{11fd7b00-0a3c-4802-a98c-95def2a82401}" />
        <Dependent key="5" type="60" displayName="Information" parentDisplayName="Newsman History" id="{7d6c797d-f105-46f6-95cf-d828449c4f22}" />
      </MissingDependency>
      <MissingDependency>
        <Required key="6" type="61" schemaName="nmc_/icons/History16.png" displayName="nmc_/icons/History16.png" solution="Active" />
        <Dependent key="7" type="1" schemaName="nmc_newsmanhistory" displayName="Newsman History" />
      </MissingDependency>
      <MissingDependency>
        <Required key="8" type="61" schemaName="nmc_/icons/History32.png" displayName="nmc_/icons/History32.png" solution="Active" />
        <Dependent key="7" type="1" schemaName="nmc_newsmanhistory" displayName="Newsman History" />
      </MissingDependency>
    </MissingDependencies>
  </SolutionManifest>
</ImportExportXml>